wallet,Risk_Score,Backtesting_ROI_SOL,portfolio_value_usd,SOL_balance,Farming_Attempts,Total_Tokens,Farming_Ratio_Percentage,Median_Risk_Last_10_Tokens,Avg_Risk_Last_10_Tokens,Median_MC_Last_10_Tokens,Avg_MC_Last_10_Tokens,Winrate,ROI,ROI_1d,Win_Rate_1d,Tokens_Count_1d,ROI_7d,Win_Rate_7d,Tokens_Count_7d,ROI_30d,Win_Rate_30d,Tokens_Count_30d,Realized_Gains,Unrealized_Gains,Median_Holding_Time_min,Avg_Holding_Time_min,Buy_Size,Median_Profit_Per_Trade_%,Avg_Profit_Per_Trade_%,Median_Loss_Per_Trade_%,Avg_Loss_Per_Trade_%
FoLseG8P7D55hT9ht3wwzNrJTEMyXZgqvcdrME72JSX1,41.16,1.95%,1838.41,9.9120,0,80,0.00,0.00,1.00,124719667.54,517885684.17,50.00,22.37,0.06,50.00,0,0.06,50.00,0,3.00,50.00,2,18973.30,1287.94,55.36,9322.43,299.63,37.86818375272887,68.33274017633705,-18.78722024072563,-27.46972611589993
8uEbtW26wGe5VBiCWrifk4W8QxX8iPuuKazGkEwfTcpK,47.50,0.95%,226485.07,174.7110,0,30,0.00,3.50,3.50,20167.11,399343.98,50.00,25.42,169.74,100.00,3,95.15,56.25,11,100.00,50.00,30,12567.33,1522.31,983.29,2733.56,1759.40,,,,
5yq9o1Ne1Gry1dxRdCKY4Q9K3vUEWK1D1KWquWSUUgs9,30.21,0.93%,75593.68,42.0694,0,83,0.00,1.00,1.90,1680291.41,16892979.60,50.60,30.09,1.60,75.00,2,12.64,71.43,6,2194.54,60.98,29,30412.94,20755.19,6550.96,18431.06,459.95,29.68241791397221,44.31701141270622,-10.169654629055657,-17.872323234543355
ADQwMS7sDhE7MM9V8rc9X7wGJtSTQcW52nQd2BGKbdkB,76.51,0.00%,6736.51,39.6350,0,12,0.00,7.50,5.50,21555.54,5767160.15,58.33,212.75,0.00,0.00,0,8.63,100.00,1,10.14,100.00,2,3818.42,-65.46,27.51,331.97,123.45,122.71863128926199,540.8086239322772,-40.95183832391839,-44.547757555250215
C7mqHdhhfV9YaycQVj4m4437j6kyqJp3V1AhT6zhCNZM,28.00,0.00%,42090.82,247.5111,0,18,0.00,0.00,0.60,5369746.59,509283483.59,66.67,172.64,57.38,100.00,0,57.38,100.00,0,34.12,100.00,1,23056.65,-143.45,152.47,15430.35,339.16,159.05383709426278,1435.1913503121432,-35.501292226226106,-44.42096745622021
