wallet,Risk_Score,Backtesting_ROI_SOL,portfolio_value_usd,SOL_balance,Farming_Attempts,Total_Tokens,Farming_Ratio_Percentage,Median_Risk_Last_10_Tokens,Avg_Risk_Last_10_Tokens,Median_MC_Last_10_Tokens,Avg_MC_Last_10_Tokens,Winrate,ROI,ROI_1d,Win_Rate_1d,Tokens_Count_1d,ROI_7d,Win_Rate_7d,Tokens_Count_7d,ROI_30d,Win_Rate_30d,Tokens_Count_30d,Realized_Gains,Unrealized_Gains,Median_Holding_Time_min,Avg_Holding_Time_min,Buy_Size,Median_Profit_Per_Trade_%,Avg_Profit_Per_Trade_%,Median_Loss_Per_Trade_%,Avg_Loss_Per_Trade_%
A7jct5VkpnaQeop219CzA9Zr72YgX2dNogX59E64sN3q,39.00,9.19%,10001.89,31.4285,0,97,0.00,3.00,2.40,262658.58,229644245.53,45.36,26.86,3.92,50.00,3,122.81,50.00,16,405.88,50.75,62,16505.22,722.85,90.70,2839.42,302.39,45.40048571699176,135.77091688077806,-17.453356703385857,-21.11333630264119
DL69JQgpopaTDGSpP1ntF15rdre9Cz5qVqxBjdPNmy4X,56.25,6.53%,10908.69,12.7153,0,22,0.00,4.50,4.30,708911.33,1724096.98,50.00,41.25,3.28,100.00,0,2.20,50.00,1,37.72,75.00,2,8519.48,1161.04,1289.04,17415.58,505.94,54.94035836646013,5786.244802324409,-84.02714657808782,-71.27167274295422
GtwtVkTomQuuZFUVqsR7LTqBret4rBpqaoRtpaCv1oec,53.10,4.93%,1568.33,7.1132,11,249,4.42,1.50,2.00,229110.50,2002940.68,45.78,8.01,0.98,100.00,0,6.79,50.00,8,82.90,52.78,57,1715.45,-9.81,409.45,6349.95,31.38,16.863906913979495,29.97300435431696,-20.097434209596585,-25.79522520752499
7rSUMZtSUtm2iAPevc5rgaJPscBXZuYsfGmanpN8honB,15.22,4.59%,9006.83,40.1067,5,264,1.89,0.00,1.30,5190553.23,11224942.61,74.62,12.26,0.00,0.00,0,0.27,83.33,1,9.85,75.00,23,52192.57,2483.33,137.96,3148.98,319.29,14.588744932770162,1383.1730628810683,-23.371509917106405,-30.122683333373867
FoLseG8P7D55hT9ht3wwzNrJTEMyXZgqvcdrME72JSX1,40.64,1.95%,2359.89,9.9276,0,80,0.00,0.00,1.00,115932403.49,495689799.55,50.00,22.01,-0.00,0.00,0,0.15,50.00,0,2.67,50.00,2,18973.30,962.09,55.36,9322.43,299.63,37.86818375272887,68.73856924911617,-18.78722024072563,-27.570105705763297
6D57DfQQAYpJJSuX3ThsZonDyngoUqF1WXsddtJfzxn3,33.19,0.00%,3030.35,11.0788,1,45,2.22,0.00,0.00,114545028.61,448491557.90,77.78,34.39,35.76,75.00,2,36.06,80.00,2,32.84,58.33,2,81771.84,1630.71,11277.15,95308.21,669.26,40.391879191897154,22042.418649774016,-45.5354644861613,-43.15069220851042
