wallet,Risk_Score,Backtesting_ROI_SOL,portfolio_value_usd,SOL_balance,Farming_Attempts,Total_Tokens,Farming_Ratio_Percentage,Median_Risk_Last_10_Tokens,Avg_Risk_Last_10_Tokens,Median_MC_Last_10_Tokens,Avg_MC_Last_10_Tokens,Winrate,ROI,ROI_1d,Win_Rate_1d,Tokens_Count_1d,ROI_7d,Win_Rate_7d,Tokens_Count_7d,ROI_30d,Win_Rate_30d,Tokens_Count_30d,Realized_Gains,Unrealized_Gains,Median_Holding_Time_min,Avg_Holding_Time_min,Buy_Size,Median_Profit_Per_Trade_%,Avg_Profit_Per_Trade_%,Median_Loss_Per_Trade_%,Avg_Loss_Per_Trade_%
F7NGpukSDziADrpMuiPgBki7hgC1EPAcNHCWh6FBNAwp,41.63,2.54%,20447.12,20.5948,2,207,0.97,4.00,3.80,6126.98,60399.44,62.32,53.54,1.47,100.00,0,29.65,66.67,42,188.59,68.18,83,16019.37,605.93,8562.65,16038.54,132.36,19.259618452351663,106.21262328192385,-16.616854560479375,-21.081529752098625
ETiYpqvguRMwYeJDyDqSpgDFxBhpiE8eUE3ruatTZ5Eu,38.56,0.00%,58144.20,227.8995,1,64,1.56,0.00,2.50,2978667.75,49542836.46,65.63,70.07,0.00,0.00,0,1.55,100.00,4,4.23,100.00,6,228022.34,1109.54,35.72,9961.01,1476.72,132.05369028855802,3908.3526631084,-39.89735259935859,-45.79797604236156
5WZK5x4JpFWP6TsWVikvjL7MWFEt355KRJLqyNCfqERF,38.37,0.00%,15704.76,47.8576,1,27,3.70,0.00,1.80,5235484.32,34716181.46,77.78,141.05,1.82,100.00,1,6.57,66.67,3,22.30,73.33,14,95602.77,10083.04,5552.36,7014.54,1220.76,344.7437449821514,799.0403771700534,-36.16638024240356,-41.847414804425675
5vmzq1h1xeK9hpaQvLMxbPzQBVjftComKH95PFctGmAy,64.63,0.00%,16297.83,80.1047,1,17,5.88,1.50,2.10,356235.06,2111764.77,70.59,309.21,0.00,100.00,0,0.00,100.00,0,0.01,50.00,3,175520.28,1862.73,87.92,2649.92,2201.44,673.0219593385057,685.233433645797,-30.082853184183474,-30.501838067799984
