wallet,Risk_Score,Backtesting_ROI_SOL,portfolio_value_usd,SOL_balance,Farming_Attempts,Total_Tokens,Farming_Ratio_Percentage,Median_Risk_Last_10_Tokens,Avg_Risk_Last_10_Tokens,Median_MC_Last_10_Tokens,Avg_MC_Last_10_Tokens,Winrate,ROI,ROI_1d,Win_Rate_1d,Tokens_Count_1d,ROI_7d,Win_Rate_7d,Tokens_Count_7d,ROI_30d,Win_Rate_30d,Tokens_Count_30d,Realized_Gains,Unrealized_Gains,Median_Holding_Time_min,Avg_Holding_Time_min,Buy_Size,Median_Profit_Per_Trade_%,Avg_Profit_Per_Trade_%,Median_Loss_Per_Trade_%,Avg_Loss_Per_Trade_%
8csW4jnToAFTqCB7esJ7zLsX91NgyLbn4PFgFRRBjiMx,69.53,107.55%,2973.52,16.3713,0,13,0.00,4.00,3.70,691931.66,6952342.77,46.15,80.54,-0.00,0.00,0,-0.00,0.00,0,0.24,50.00,0,6343.89,-23.31,1126.47,43521.36,284.76,55.73155175480049,146.14023185510345,-21.303468206329516,-29.751822858222035
63ZtwFckC4ErqSZiFH6LKqifB7zHnWcGfkwhfstt5mUf,34.24,5.34%,2264.80,12.4679,0,22,0.00,0.00,0.00,27331887.13,64913861.92,72.73,7.18,9.69,100.00,0,14.38,80.00,1,8361.52,78.57,9,6225.96,-2.94,1023.37,8719.13,491.55,4.646753174442105,5.306975203097379,-17.752895851521295,-30.982388905895498
AwQx25jWwxkoCPXqKY8xHxgqvVbbkaj7tZ78vaZkjied,54.42,0.93%,5273.29,25.1678,0,56,0.00,5.00,5.20,273642.07,807758.64,57.14,15.01,6.49,60.00,4,35.99,61.54,16,28732.36,58.18,55,18902.78,535.80,837.93,4137.83,1019.66,,,-93.7900826223974,-93.7900826223974
CBUr5BEKwDjoY1kYt9kpiffFAUYPrwoHuoCSSC2S3479,22.71,0.00%,16467.90,67.8832,0,25,0.00,0.00,1.60,15599902.12,309302156.42,68.00,128.09,10.89,100.00,0,43.23,71.43,4,400.05,69.23,11,28584.16,1608.47,167.11,11165.04,569.84,110.03464938699554,105.44436981322119,-32.624455022283165,-45.316885325939296
ETiYpqvguRMwYeJDyDqSpgDFxBhpiE8eUE3ruatTZ5Eu,42.69,0.00%,86784.90,328.0199,1,59,1.69,2.00,3.50,2169607.33,65344988.61,62.71,112.10,0.00,100.00,0,0.00,100.00,0,0.73,100.00,1,220354.26,565.24,27.35,10604.05,850.03,133.96461382485654,3909.1023958641235,-39.89735259935859,-45.96449759223821
5WZK5x4JpFWP6TsWVikvjL7MWFEt355KRJLqyNCfqERF,39.21,0.00%,20944.34,75.0664,1,22,4.55,0.00,0.70,29554124.60,315981847.98,81.82,150.15,0.03,100.00,0,5.29,66.67,1,13.81,80.00,10,87786.60,5943.96,3209.61,6509.21,1260.07,344.7437449821514,797.2312415073576,-40.192629250656765,-40.192629250656765
FZdsyUCJHiY26StqqSkE6HQsWYWuBPezooNLWeSkyMw7,65.16,0.00%,2844.42,14.0306,0,14,0.00,0.00,0.40,477960.06,280638956.82,64.29,528.68,0.00,0.00,0,0.28,100.00,0,25.98,100.00,3,10740.35,-13.88,16402.19,19215.25,111.79,362.6977272205602,895.2184563870817,-62.8700803300744,-58.80267170788516
